Business,Address,Date Visited,Contact Name,Contact Email,Phone,Outcome,Follow Up Date,Notes
Antenna - 9A Beck Street,,,,,,,,
BioCity - Pennyfoot Street,,,,,,,,
Metronome - Brown Street,,,,,,,,
The Big House - Stoney Street,,,,,,,,
Accelerate Places - Stoney Street,,,,,,,,
Annie's Burger Shack - Broadway,,,,,,,,
Cafe Sobar - Friar Lane,,,,,,,,
Cartwheel Cafe - George Street,,,,,,,,
Thea Caffea - Stoney Street,,,,,,,,
200 Degrees Coffee - Carrington Street,,,,,,,,
Das Kino - Fletcher Gate,,,,,,,,
Pit & Pendulum - Victoria Centre,,,,,,,,
Cock & Hoop - Pelham Street,,,,,,,,
Ye Olde Salutation - Maid Marian Way,,,,,,,,
Lincolnshire Poacher - Mansfield Road,,,,,,,,
Rescue Rooms - Masonic Place,,,,,,,,
Rock City - Talbot Street,,,,,,,,
Bodega - Pelham Street,,,,,,,,
Rough Trade - Broad Street,,,,,,,,
Waterstones - Bridlesmith Gate,,,,,,,,
